brand,lane,instagram_followers,tiktok_followers,visible_price_usd,revenue_signal,commerce,google_ads_signal,meta_ads_signal,evidence_boundary
Slip,Sleep beauty,308600,7300,$26-$163,$3.8M-$7.0M annualized DTC proxy,"DTC; Sephora; Nordstrom; Ulta; department stores",~78 third-party tracked,~150 active / 441 tracked,"DTC estimate; excludes wholesale/retail"
Crown Affair,Premium ritual,147800,20300,$24-$133,$5.7M-$10.3M annualized DTC proxy,"DTC; Sephora; collaborations",~200 third-party tracked,~296 active,"DTC estimate; separate source reported $20M 2024"
dae,Modern haircare,317500,175000,$20-$56,$2.2M-$4.0M annualized DTC proxy,"DTC; Sephora; Amazon",~41 third-party tracked,~57 active,"DTC estimate; excludes Sephora/Amazon"
Gisou,Prestige fragrance,2200000,1500000,$22-$46,$10.5M-$19.2M annualized global DTC proxy,"DTC; Sephora; Revolve; international retail",~1000 third-party tracked,~235 active / 3600 tracked,"Global DTC estimate; excludes wholesale/retail"
Mermade Hair,Styling tools,542000,134300,$39-$159,$0.36M-$0.66M UK annualized DTC proxy,"DTC; Amazon; Target; international retail",~64 third-party tracked,~165 active / 1000 tracked,"UK storefront only; not US/company revenue"
Emi Jay,Fashion accessories,288238,141300,$18-$88,$15M-$25M industry company estimate,"DTC; Sephora; Revolve; TikTok Shop",Not verified,Not verified,"Industry estimate reported by BeautyMatter; not audited"
GIMME Beauty,Mass accessories,121800,22700,$8-$15,$1.8M-$3.3M annualized DTC proxy,"DTC; Ulta; mass retail; subscription",~87 third-party tracked,~103 active,"DTC estimate; excludes stated 2600-store footprint"
Grace Eleyae,Satin protection,111900,Not surfaced,$23-$28,$0.7M-$1.3M annualized DTC proxy,"DTC; Amazon; selective retail",~65 third-party tracked,~27 active,"DTC estimate; excludes marketplace/wholesale"
invisibobble,Global accessories,170700,Not surfaced,$8-$20,$0.75M-$1.36M annualized global DTC proxy,"DTC; Ulta; Amazon; global retail",~78 third-party tracked,~39 active / 524 tracked,"Global DTC estimate; excludes retail"
